tempo,velocita
0.0,19.505035664669492
0.05002501250625312,19.88907164517837
0.10005002501250625,20.866366217187583
0.15007503751875936,19.8521883738174
0.2001000500250125,20.691376366983263
0.2501250625312656,19.974009360525084
0.3001500750375187,20.027468827015312
0.35017508754377186,21.21186053051218
0.400200100050025,19.706284066223745
0.4502251125562781,20.426471470339468
0.5002501250625312,18.34699361794213
0.5502751375687843,20.134120724432844
0.6003001500750375,21.502532095082056
0.6503251625812906,22.079223455064938
0.7003501750875437,19.56819252640741
0.7503751875937968,19.854701688931286
0.80040020010005,21.702673978684373
0.8504252126063031,20.985836331843117
0.9004502251125562,20.888908731615523
0.9504752376188094,19.61782486104495
1.0005002501250624,18.769600793016057
1.0505252626313155,20.713677130006598
1.1005502751375686,21.40958383603665
1.1505752876438218,22.159755767291465
1.200600300150075,22.457891186859417
1.250625312656328,22.069288757322155
1.3006503251625812,21.97825365810655
1.3506753376688343,21.70151318395678
1.4007003501750874,21.557910286699233
1.4507253626813406,21.787463800386842
1.5007503751875937,21.383392517805838
1.5507753876938468,22.402229998249126
1.6008004002001,21.459240189507483
1.650825412706353,23.359135974232416
1.7008504252126062,20.750613919341326
1.7508754377188593,21.3340270803402
1.8009004502251125,22.13019723357101
1.8509254627313656,19.925253677968
1.9009504752376187,20.98415907265662
1.9509754877438719,21.7200465892444
2.0010005002501248,22.499450005369905
2.051025512756378,21.790722370902287
2.101050525262631,22.844747216943087
2.151075537768884,21.525615644691445
2.2011005502751373,21.891875909845268
2.2511255627813904,21.391739060075377
2.3011505752876436,22.476691078097595
2.3511755877938967,22.492817617867097
2.40120060030015,23.246037693773953
2.451225612806403,23.680462962562213
2.501250625312656,22.303472153225755
2.551275637818909,22.227150854440826
2.6013006503251623,23.796810454158102
2.6513256628314155,22.61908809995379
2.7013506753376686,21.44759434894243
2.7513756878439217,22.59177771488452
2.801400700350175,22.308613844257877
2.851425712856428,22.4634216222306
2.901450725362681,21.26255359240662
2.9514757378689342,21.27424067551347
3.0015007503751874,23.0165052510733
3.0515257628814405,23.875238744009923
3.1015507753876936,22.210303678417333
3.1515757878939468,23.377690287648903
3.2016008004002,23.85903919991195
3.251625812906453,24.32086863636498
3.301650825412706,22.718095007923854
3.3516758379189593,23.561367966503486
3.4017008504252124,22.90186691886616
3.4517258629314655,21.63703603101399
3.5017508754377187,21.047220012871826
3.551775887943972,21.967893242073
3.601800900450225,21.52960067588729
3.651825912956478,23.9243896989599
3.701850925462731,24.37832322137723
3.7518759379689843,22.816519518041844
3.8019009504752375,24.076251950632603
3.8519259629814906,22.459894163510697
3.9019509754877437,22.752186723086
3.951975987993997,24.972183120428486
4.0020010005002495,23.1243391018664
4.052026013006503,22.551869195073373
4.102051025512756,23.789826856051977
4.152076038019009,23.474300409889185
4.202101050525262,23.153435878774992
4.252126063031516,23.109148463295753
4.302151075537768,22.296829484950667
4.352176088044022,22.912384227575643
4.402201100550275,24.072820681090644
4.452226113056528,23.17751354404568
4.502251125562781,23.68560855095197
4.552276138069034,24.47123559788687
4.602301150575287,22.059657288427115
4.652326163081541,24.25047430800667
4.702351175587793,25.429626947933542
4.752376188094047,23.32897177314683
4.8024012006003,24.90594215905443
4.852426213106553,24.56360544380746
4.902451225612806,23.444164894878533
4.9524762381190595,23.900076835825246
5.002501250625312,24.560964610875956
5.052526263131566,24.54659861561804
5.102551275637818,23.755048239526104
5.152576288144072,23.285191344317404
5.202601300650325,23.661495330001824
5.252626313156578,23.33074935885154
5.302651325662831,25.82560867581126
5.3526763381690845,25.209594210107852
5.402701350675337,23.391169621334022
5.452726363181591,23.413579026260674
5.5027513756878434,21.97517293130513
5.552776388194097,21.664206258376403
5.60280140070035,24.132574482748254
5.652826413206603,23.887610005716745
5.702851425712856,25.85943362363206
5.7528764382191095,25.371518448860964
5.802901450725362,24.69523106112329
5.852926463231616,25.47421774351972
5.9029514757378685,25.423378793941268
5.952976488244122,23.907768830855574
6.003001500750375,22.705109795782313
6.053026513256628,22.676650986250635
6.103051525762881,23.35416249093429
6.153076538269135,26.154073568419385
6.203101550775387,24.877152880596384
6.253126563281641,24.41101597683352
6.3031515757878935,25.476742437321818
6.353176588294147,25.547088135184282
6.4032016008004,24.648804154901832
6.4532266133066525,24.463121323948098
6.503251625812906,22.885733153329387
6.553276638319159,24.366768073697035
6.603301650825412,22.86508019367913
6.653326663331665,26.24398366638367
6.703351675837919,25.91902966819905
6.753376688344171,23.444971724640173
6.803401700850425,23.27463987943313
6.8534267133566775,25.04799987212284
6.903451725862931,24.380520992778106
6.953476738369184,25.014506352151532
7.003501750875437,25.045145850789414
7.05352676338169,24.88659552992673
7.103551775887944,24.924928304319966
7.153576788394196,24.736139832280323
7.20360180090045,25.59974549857655
7.253626813406703,25.139602460541433
7.303651825912956,24.16394696867579
7.353676838419209,26.713551371891505
7.403701850925462,25.60420836405114
7.453726863431715,26.389499388298525
7.503751875937969,25.954018956349927
7.553776888444221,25.0722038841123
7.603801900950475,24.256106217669284
7.653826913456728,24.552962765677123
7.703851925962981,26.17471335936396
7.753876938469234,22.773559429795014
7.8039019509754874,24.41458326199779
7.85392696348174,25.281701138064598
7.903951975987994,24.362845994176862
7.953976988494246,25.933997394987493
8.004002001000499,25.196151956184007
8.054027013506753,23.566405119960265
8.104052026013006,24.417241994517145
8.15407703851926,23.68597834134312
8.204102051025512,25.151251440409442
8.254127063531765,23.90897059974756
8.304152076038019,25.71854549989527
8.354177088544272,24.779183256188453
8.404202101050524,25.69768630213601
8.454227113556778,25.450144453746905
8.504252126063031,25.05658296714038
8.554277138569285,24.655434585194925
8.604302151075537,24.063734369825653
8.65432716358179,24.061077844040245
8.704352176088044,25.535058653817103
8.754377188594297,24.528420545014015
8.80440220110055,25.883967621148148
8.854427213606803,23.520725049741152
8.904452226113056,23.58973632049601
8.95447723861931,25.148291707632975
9.004502251125562,25.5081601907946
9.054527263631815,23.948689986828867
9.104552276138069,24.74362591834594
9.154577288644322,23.577713738977916
9.204602301150574,26.223524054907305
9.254627313656828,25.171216482184654
9.304652326163081,26.073504346486278
9.354677338669335,24.049587448037595
9.404702351175587,24.66157049626303
9.45472736368184,24.096070710189398
9.504752376188094,25.848895069648588
9.554777388694347,23.61393141217746
9.6048024012006,24.570431698298687
9.654827413706853,24.279393754254595
9.704852426213106,23.193197657128014
9.754877438719358,22.404207283084748
9.804902451225612,24.955457557328693
9.854927463731865,26.45317260448964
9.904952476238119,24.20333194352748
9.95497748874437,23.95389303508168
10.005002501250624,25.69227138053022
10.055027513756878,23.882196272481163
10.105052526263131,23.99881034761921
10.155077538769383,25.44250938333651
10.205102551275637,24.255273107652314
10.25512756378189,23.81415146586714
10.305152576288144,24.15256408589279
10.355177588794396,23.204549963096603
10.40520260130065,25.66706893123184
10.455227613806903,23.396083878648348
10.505252626313156,24.01321104308862
10.555277638819408,24.099798991224297
10.605302651325662,24.628264868573588
10.655327663831915,24.18407308959596
10.705352676338169,25.355205705124863
10.75537768884442,24.456960389367218
10.805402701350674,25.24792377625333
10.855427713856928,24.307496149375567
10.905452726363182,23.02757584814808
10.955477738869433,23.195231905662183
11.005502751375687,24.36707454042442
11.05552776388194,22.358617924817764
11.105552776388194,22.339476983103328
11.155577788894446,21.26503302331259
11.2056028014007,24.48872502046563
11.255627813906953,22.489984583773335
11.305652826413207,23.776836978850117
11.355677838919458,25.790547817677172
11.405702851425712,24.44151177595602
11.455727863931966,23.51621994494964
11.505752876438219,23.07817251400384
11.55577788894447,23.617956539994054
11.605802901450724,24.95523089720994
11.655827913956978,23.296317369447333
11.705852926463232,23.623286269031226
11.755877938969483,25.758440023961512
11.805902951475737,24.407103793749144
11.85592796398199,23.809388973382152
11.905952976488244,24.493344686184237
11.955977988994496,22.284163993941256
12.00600300150075,22.45436744103235
12.056028014007003,22.61178214581327
12.106053026513257,24.163846991662442
12.156078039019508,21.573878485552356
12.206103051525762,23.68496514837634
12.256128064032016,21.746877177579893
12.30615307653827,24.605563409503198
12.356178089044521,23.415226129221683
12.406203101550775,22.406037916200038
12.456228114057028,24.089393284601616
12.506253126563282,23.815387797059937
12.556278139069533,22.834824159751165
12.606303151575787,23.03147527136001
12.65632816408204,23.110979076760668
12.706353176588294,24.168538347592502
12.756378189094546,23.32594666474769
12.8064032016008,23.84093976394128
12.856428214107053,23.01610449551359
12.906453226613305,24.307643586945783
12.956478239119559,23.246373532997474
13.006503251625812,22.64408044855065
13.056528264132066,21.272309586066186
13.106553276638317,23.364089292566135
13.156578289144571,21.00313265581346
13.206603301650825,23.27646298848694
13.256628314157078,23.0106030022947
13.30665332666333,23.458668262805713
13.356678339169584,23.14016238637124
13.406703351675837,21.732634599790337
13.45672836418209,23.705239070314576
13.506753376688343,24.182697446660292
13.556778389194596,22.72757634955981
13.60680340170085,20.83478209328763
13.656828414207103,20.317043354974516
13.706853426713355,23.559509151984805
13.756878439219609,18.9241891943157
13.806903451725862,20.61750654135436
13.856928464232116,22.10091525684559
13.906953476738368,21.56960901367595
13.956978489244621,22.451224746893903
14.007003501750875,21.788380649961777
14.057028514257128,23.02185521439273
14.10705352676338,20.99722922318012
14.157078539269634,21.939107783151826
14.207103551775887,22.222374635565146
14.25712856428214,19.840182638758698
14.307153576788393,21.61224962277694
14.357178589294646,21.087779639249057
14.4072036018009,21.42201695840928
14.457228614307153,21.37581391323999
14.507253626813405,20.775199985238046
14.557278639319659,21.236454718332514
14.607303651825912,20.83290408965002
14.657328664332166,23.103538932441378
14.707353676838418,19.762288592525223
14.757378689344671,20.83888575487962
14.807403701850925,20.248133691285883
14.857428714357178,21.522347898323016
14.90745372686343,20.344240826229438
14.957478739369684,21.64340076917334
15.007503751875937,19.3046245906284
15.057528764382191,21.489182533577324
15.107553776888443,19.555862508776684
15.157578789394696,21.279896250950873
15.20760380190095,20.791241405534464
15.257628814407203,21.378837719802352
15.307653826913455,21.03690995755977
15.357678839419709,19.53034391744058
15.407703851925962,18.918103760609505
15.457728864432216,19.0385294252045
15.507753876938468,20.5040095287425
15.557778889444721,21.690103243437374
15.607803901950975,19.662995940927935
15.657828914457228,21.0592913887542
15.70785392696348,19.230726009513116
15.757878939469734,18.95621565383428
15.807903951975987,18.85914101870123
15.857928964482241,20.04924616210709
15.907953976988493,20.54288039848263
15.957978989494746,20.980907766060547
16.008004002000998,19.185848085305178
16.05802901450725,19.847246417437603
16.108054027013505,19.85989902761457
16.15807903951976,21.124189909439366
16.208104052026012,18.977834002853836
16.258129064532266,18.971507384132217
16.30815407703852,20.39825445166351
16.35817908954477,20.979896205681904
16.408204102051023,19.745429190918237
16.458229114557277,18.900275746915767
16.50825412706353,17.44830158171055
16.558279139569784,18.250741862112584
16.608304152076037,19.563984780484994
16.65832916458229,18.34811927491292
16.708354177088545,17.837601002729436
16.758379189594795,20.01421851345585
16.80840420210105,20.39045281989732
16.858429214607302,19.107571447547983
16.908454227113555,18.182281007777654
16.95847923961981,21.43367165388544
17.008504252126063,19.71534792971417
17.058529264632316,18.83934800242601
17.10855427713857,19.63118459486016
17.15857928964482,18.172393563257657
17.208604302151073,19.66388717015236
17.258629314657327,17.44229413988785
17.30865432716358,19.351436376468644
17.358679339669834,18.237021282022226
17.408704352176088,17.58405963547414
17.45872936468234,19.0387546831486
17.508754377188595,18.24444575057291
17.558779389694845,16.91905931771425
17.6088044022011,17.489767688603255
17.658829414707352,17.63792052855381
17.708854427213605,18.83650615626975
17.75887943971986,18.19251539111829
17.808904452226113,18.75481863277619
17.858929464732366,19.08596819895516
17.90895447723862,19.214560833554735
17.95897948974487,17.69077892876139
18.009004502251123,19.100032119058785
18.059029514757377,16.371465601436583
18.10905452726363,15.759730174860309
18.159079539769884,18.339074229604915
18.209104552276138,17.983450304026565
18.25912956478239,16.994774117436716
18.309154577288645,17.527384870691492
18.359179589794895,17.327229442983846
18.40920460230115,16.072502882017123
18.459229614807402,18.44809380466265
18.509254627313656,16.894704148196553
18.55927963981991,15.443449498754015
18.609304652326163,17.56425357013516
18.659329664832416,16.25139667372336
18.70935467733867,20.044192185135493
18.75937968984492,16.27418935671394
18.809404702351173,17.512039388189297
18.859429714857427,16.907830242023305
18.90945472736368,15.314783060962208
18.959479739869934,17.027460127235333
19.009504752376188,16.3834644934707
19.05952976488244,16.3424067359848
19.109554777388695,16.55210757286452
19.159579789894945,17.182047184255566
19.2096048024012,16.49085284828062
19.259629814907452,15.035201624556118
19.309654827413706,16.71965983716574
19.35967983991996,17.92151664957537
19.409704852426213,14.154098360158468
19.459729864932466,16.5562787493987
19.509754877438716,16.836383869334263
19.55977988994497,16.591790519461238
19.609804902451224,16.82411988703981
19.659829914957477,15.698911545000227
19.70985492746373,15.539308540776126
19.759879939969984,15.069317179984951
19.809904952476238,16.59201745496717
19.85992996498249,17.003495574848735
19.90995497748874,16.026219910283736
19.959979989994995,17.359374455733075
20.01000500250125,16.247392006881437
20.060030015007502,15.284549714980553
20.110055027513756,16.380909279079027
20.16008004002001,16.220997398207132
20.210105052526263,16.381082534801
20.260130065032516,17.592530718666822
20.310155077538766,16.540157944391108
20.36018009004502,16.11930677709209
20.410205102551274,15.533537312140417
20.460230115057527,16.773325649642985
20.51025512756378,15.174919829855373
20.560280140070034,16.22380690323912
20.610305152576288,17.144274648510212
20.66033016508254,14.500043982534956
20.71035517758879,16.224241108681085
20.760380190095045,16.15632941809447
20.8104052026013,16.924666561137357
20.860430215107552,14.95578047058272
20.910455227613806,16.055573922249156
20.96048024012006,15.381739255752434
21.010505252626313,16.93796465249965
21.060530265132567,17.68712248823722
21.110555277638817,16.82907281078726
21.16058029014507,15.972808098962402
21.210605302651324,13.99662894388454
21.260630315157577,14.339171890764733
21.31065532766383,15.405844672222623
21.360680340170084,16.194328352755033
21.410705352676338,16.413256052492088
21.46073036518259,16.31132487146325
21.51075537768884,16.42811986228866
21.560780390195095,16.284863863260178
21.61080540270135,14.254075328446545
21.660830415207602,15.846688062636698
21.710855427713856,15.82600649649094
21.76088044022011,15.627973752328577
21.810905452726363,15.428541887211788
21.860930465232617,15.015153908249312
21.910955477738867,15.00520323813692
21.96098049024512,15.478707088053048
22.011005502751374,16.307099802715
22.061030515257627,13.455427134040766
22.11105552776388,15.438075032433105
22.161080540270135,14.695290977402248
22.211105552776388,16.438561566633627
22.26113056528264,15.781107368839889
22.31115557778889,15.833110582297657
22.361180590295145,15.731122541485515
22.4112056028014,16.30531574826929
22.461230615307652,16.721476992189388
22.511255627813906,16.015921409330534
22.56128064032016,16.574486624249563
22.611305652826413,16.083592130488537
22.661330665332663,15.080412648986169
22.711355677838917,14.22422264679568
22.76138069034517,15.752245744477637
22.811405702851424,13.286696962875691
22.861430715357677,15.226330944597628
22.91145572786393,15.9789173888677
22.961480740370185,17.455600984369646
23.011505752876438,14.797156531672055
23.061530765382688,13.396601531249583
23.11155577788894,15.318477716143722
23.161580790395195,14.569605923972308
23.21160580290145,14.16148876536909
23.261630815407702,15.45822623424149
23.311655827913956,14.431907018243752
23.36168084042021,14.412858120313249
23.411705852926463,14.7138271463742
23.461730865432713,15.024524433766802
23.511755877938967,15.842158910738842
23.56178089044522,15.573503114689402
23.611805902951474,14.23441064803797
23.661830915457728,14.900446873285937
23.71185592796398,17.431450206069474
23.761880940470235,14.840112828934405
23.81190595297649,14.893159848257326
23.86193096548274,13.837037812813366
23.911955977988992,15.563770065512113
23.961980990495245,14.712775527989374
24.0120060030015,14.834993091756965
24.062031015507753,14.80862646595163
24.112056028014006,15.703083810183218
24.16208104052026,15.033163090313721
24.212106053026513,15.234071733731122
24.262131065532763,16.399464355299664
24.312156078039017,16.079477453426215
24.36218109054527,14.331024201827535
24.412206103051524,14.743651415561834
24.462231115557778,13.887590704918818
24.51225612806403,15.032625808325987
24.562281140570285,15.454454341540329
24.61230615307654,16.345499377217884
24.66233116558279,14.281626520589022
24.712356178089042,15.203254361448613
24.762381190595296,15.147793746810196
24.81240620310155,15.865080399470632
24.862431215607803,14.452646779777343
24.912456228114056,15.87434985165635
24.96248124062031,15.009129703795617
25.012506253126563,17.205708130187112
25.062531265632813,15.76559708616492
25.112556278139067,14.532522239070966
25.16258129064532,15.760128443832361
25.212606303151574,15.170074512409414
25.262631315657828,13.676847327045737
25.31265632816408,15.811837468842128
25.362681340670335,16.35381136586261
25.41270635317659,14.585110938079975
25.46273136568284,13.842859245480565
25.512756378189092,14.966719802462496
25.562781390695346,17.329852827845773
25.6128064032016,16.343318577018373
25.662831415707853,14.868294229117094
25.712856428214106,15.171779765347528
25.76288144072036,15.539972584701307
25.81290645322661,16.266314594426486
25.862931465732864,16.28470533745839
25.912956478239117,15.553320983480413
25.96298149074537,15.977966072912976
26.013006503251624,15.173997254651695
26.063031515757878,15.16563238308783
26.11305652826413,15.407815719065308
26.163081540770385,14.697861275510771
26.213106553276635,16.35174728395436
26.26313156578289,16.480267704080983
26.313156578289142,15.170072335599457
26.363181590795396,15.650362917731702
26.41320660330165,16.328272503320775
26.463231615807903,15.527795118899203
26.513256628314156,16.83836439475948
26.56328164082041,16.17428448930054
26.61330665332666,16.892507562905397
26.663331665832914,16.75430839265528
26.713356678339167,16.211244860928016
26.76338169084542,14.52342870209608
26.813406703351674,15.404034111557598
26.863431715857928,17.7197174382526
26.91345672836418,17.383670052028044
26.963481740870435,16.069662518112068
27.013506753376685,17.219936645823882
27.06353176588294,16.692543205592603
27.113556778389192,16.12980968976604
27.163581790895446,16.57323480061242
27.2136068034017,15.603048282270985
27.263631815907953,15.31609521387371
27.313656828414207,16.776097142255225
27.36368184092046,16.442668250188817
27.41370685342671,16.4496715885373
27.463731865932964,15.896665831346226
27.513756878439217,17.297442877255648
27.56378189094547,16.040091901738148
27.613806903451724,17.40484116592632
27.663831915957978,17.59361379934679
27.71385692846423,17.166124646303864
27.763881940970485,15.517784285944312
27.813906953476735,17.033990598549412
27.86393196598299,16.282101642533508
27.913956978489242,18.086553393892117
27.963981990995496,17.47078903298716
28.01400700350175,15.866865208529127
28.064032016008003,16.139696346454866
28.114057028514257,18.44153021311557
28.16408204102051,17.48167272974047
28.21410705352676,17.974614754976205
28.264132066033014,14.64281456174083
28.314157078539267,16.35412996789149
28.36418209104552,17.056730114551755
28.414207103551774,16.74955087852155
28.464232116058028,15.847446825003178
28.51425712856428,18.631463131279453
28.564282141070535,18.49716262334734
28.614307153576785,17.989757245955825
28.66433216608304,16.91203677830552
28.714357178589292,17.135080716411917
28.764382191095546,16.83276938417372
28.8144072036018,18.493315535832586
28.864432216108053,15.262252751422256
28.914457228614307,17.10793479035523
28.964482241120557,16.12637359140076
29.01450725362681,17.835873101183118
29.064532266133064,16.43746119027629
29.114557278639317,17.28112524658641
29.16458229114557,17.797831725073706
29.214607303651825,19.845453134110663
29.264632316158078,17.88709084650188
29.31465732866433,18.28265981209713
29.36468234117058,16.908402038464605
29.414707353676835,17.747012737714396
29.46473236618309,17.263683779380315
29.514757378689342,17.46844613090794
29.564782391195596,17.265792894865385
29.61480740370185,18.05136644467109
29.664832416208103,17.787543771832105
29.714857428714357,18.284306494181322
29.764882441220607,18.5232203265799
29.81490745372686,17.75191066632566
29.864932466233114,17.90699158626973
29.914957478739368,20.07079922604769
29.96498249124562,18.22645026125458
30.015007503751875,18.94770296359625
30.06503251625813,19.639578406494188
30.115057528764382,18.843566499797344
30.165082541270632,17.705480036154114
30.215107553776885,18.88690381245204
30.26513256628314,18.859161022370685
30.315157578789393,19.079425427118128
30.365182591295646,18.998956586361448
30.4152076038019,19.031934104391766
30.465232616308153,18.086534089994327
30.515257628814407,18.297925489681443
30.565282641320657,19.291671741379385
30.61530765382691,17.999039574015775
30.665332666333164,18.139141663744923
30.715357678839418,20.470540388282796
30.76538269134567,19.27431178492641
30.815407703851925,20.83226369152324
30.86543271635818,19.008689498285072
30.915457728864432,19.048270768670015
30.965482741370682,19.272363528456072
31.015507753876935,19.282619134268085
31.06553276638319,19.497335512762383
31.115557778889443,20.04313437801831
31.165582791395696,19.030559516395904
31.21560780390195,19.467941313418418
31.265632816408203,18.21230025930619
31.315657828914457,19.9626266793861
31.365682841420707,19.816944537054514
31.41570785392696,21.484854572384226
31.465732866433214,20.93205150027615
31.515757878939468,19.901534260785297
31.56578289144572,20.452771136845822
31.615807903951975,21.085890120370998
31.66583291645823,19.71176170554605
31.715857928964482,19.572873791837367
31.765882941470732,21.57741639111469
31.815907953976986,20.590573858528984
31.86593296648324,19.888611034512476
31.915957978989493,20.652297450534896
31.965982991495746,20.459134247453783
32.016008004001996,20.297092226180933
32.06603301650825,19.556946133761937
32.1160580290145,20.402216977205498
32.16608304152076,21.04996423914377
32.21610805402701,22.918960585700727
32.266133066533264,20.332664436326002
32.31615807903952,20.042264507608706
32.36618309154577,18.502927801941976
32.416208104052025,19.09966272121208
32.46623311655828,21.652045708322905
32.51625812906453,20.971910053988697
32.566283141570786,20.901255927530567
32.61630815407704,22.483504812301554
32.66633316658329,23.251876761761118
32.71635817908954,20.592149700715154
32.76638319159579,20.75378078705311
32.816408204102046,20.121934736272923
32.8664332166083,23.1422802870323
32.91645822911455,20.45940293446979
32.96648324162081,22.244878492161483
33.01650825412706,20.92710524285226
33.066533266633314,21.08207425100869
33.11655827913957,20.325978904316354
33.16658329164582,21.453097569740255
33.216608304152075,21.36874094407557
33.26663331665833,20.929095304251195
33.31665832916458,21.166766206437323
33.366683341670836,22.602139048489047
33.41670835417709,21.217430904173533
33.46673336668334,20.941399455247836
33.51675837918959,22.48530799440728
33.56678339169584,22.345958803014593
33.6168084042021,22.978438595959325
33.66683341670835,22.061075827277136
33.716858429214604,21.894400486604262
33.76688344172086,20.990698592257893
33.81690845422711,21.72924959730002
33.866933466733364,20.319863055614146
33.91695847923962,24.364792816877586
33.96698349174587,22.267163925464253
34.017008504252125,23.10927529440954
34.06703351675838,24.175345589019013
34.11705852926463,22.058217651470844
34.167083541770886,23.55071734885437
34.21710855427714,22.22780893293213
34.26713356678339,22.026238245678947
34.31715857928964,23.629206027002034
34.36718359179589,23.895255437749466
34.41720860430215,24.613162404553144
34.4672336168084,22.79822627616124
34.517258629314654,24.001231545139273
34.56728364182091,23.16158088532442
34.61730865432716,21.23601731015371
34.667333666833414,24.901899013650734
34.71735867933967,21.166450581063074
34.76738369184592,24.282476446584578
34.817408704352175,22.74147759547146
34.86743371685843,22.297241227272078
34.91745872936468,24.292644081726504
34.967483741870936,24.807008707503677
35.01750875437719,24.82182031327662
35.06753376688344,22.91994117480902
35.11755877938969,22.865558523702106
35.16758379189594,23.03315647081269
35.2176088044022,21.45195702271914
35.26763381690845,23.64485743797902
35.317658829414704,23.349991588808383
35.36768384192096,23.068545101247462
35.41770885442721,24.224713200371358
35.467733866933465,24.809024433419882
35.51775887943972,24.872815632188875
35.56778389194597,22.411286046533867
35.617808904452225,23.006552883948487
35.66783391695848,22.48494627569464
35.71785892946473,22.669624181299675
35.767883941970986,24.484186561025297
35.81790895447724,23.95889033380774
35.867933966983486,24.261692112661258
35.91795897948974,22.2612229655667
35.96798399199599,22.256153862798545
36.01800900450225,24.810983608060052
36.0680340170085,22.176302492890567
36.118059029514754,23.5733280286742
36.16808404202101,25.08692774815036
36.21810905452726,25.025570296778263
36.268134067033515,24.261409040629395
36.31815907953977,23.66042370603674
36.36818409204602,25.456698324291434
36.418209104552275,23.741706892613195
36.46823411705853,24.99514904971883
36.51825912956478,21.566366054143568
36.568284142071036,23.925035245958234
36.61830915457729,23.17842008352654
36.668334167083536,24.010353306671863
36.71835917958979,25.327325831724185
36.76838419209604,22.957938196422404
36.8184092046023,25.32465018836638
36.86843421710855,24.538181704431317
36.918459229614804,26.0863944927529
36.96848424212106,25.151632230754796
37.01850925462731,24.45956430700968
37.068534267133565,25.208856421762235
37.11855927963982,24.343852626484665
37.16858429214607,26.50342412609794
37.218609304652325,24.22583011392661
37.26863431715858,22.640042086250364
37.31865932966483,23.886501049363847
37.368684342171086,24.00741908017421
37.41870935467734,26.124133958982096
37.468734367183586,26.208466175443732
37.51875937968984,25.683777204198208
37.56878439219609,24.792056257119278
37.61880940470235,25.22668946252609
37.6688344172086,24.110271246272557
37.718859429714854,23.690631697145356
37.76888444222111,27.07855273906028
37.81890945472736,25.350406406054162
37.868934467233615,24.16969654122374
37.91895947973987,25.575151215318247
37.96898449224612,26.25827882013262
38.019009504752376,24.602228441973146
38.06903451725863,22.525294213030488
38.11905952976488,25.567152461210352
38.169084542271136,26.400202545658406
38.21910955477739,25.440514843757754
38.269134567283636,24.962807165267318
38.31915957978989,23.581970306095368
38.36918459229614,26.18740571342621
38.4192096048024,24.99475675722553
38.46923461730865,27.393752930591567
38.519259629814904,25.033561426990865
38.56928464232116,26.01429181750431
38.61930965482741,24.48035272532798
38.669334667333665,24.012743171329873
38.71935967983992,25.11228564624065
38.76938469234617,25.87816747763111
38.819409704852426,24.871292134104586
38.86943471735868,24.830078538681477
38.91945972986493,24.212118557177103
38.969484742371186,24.147536183156888
39.01950975487743,25.19879463305506
39.069534767383686,25.023125293485702
39.11955977988994,24.15180896058625
39.16958479239619,24.890337165028843
39.21960980490245,24.99248062629402
39.2696348174087,22.94050028723314
39.319659829914954,25.32367594607841
39.36968484242121,23.42517688493304
39.41970985492746,24.343899720947185
39.469734867433715,21.40970733687375
39.51975987993997,24.575649426243885
39.56978489244622,24.736272875893015
39.619809904952476,25.438432133533475
39.66983491745873,25.2016261007975
39.71985992996498,24.194902200335513
39.769884942471236,25.28020048555726
39.81990995497748,24.854216331515655
39.869934967483736,25.469647850988537
39.91995997998999,25.68954021728166
39.969984992496244,24.350645871667904
40.0200100050025,24.5551399623313
40.07003501750875,24.28763289799121
40.120060030015004,25.14503727126272
40.17008504252126,24.079573609252336
40.22011005502751,24.7306372787939
40.270135067533765,24.888065191843424
40.32016008004002,25.303746425276913
40.37018509254627,26.075357571358936
40.420210105052526,25.774113874807508
40.47023511755878,24.57638862975604
40.52026013006503,24.399554286853963
40.57028514257129,24.298054517589424
40.62031015507753,24.652549484343382
40.67033516758379,24.04898343581442
40.72036018009004,23.379075500376057
40.770385192596294,23.382863242569112
40.82041020510255,22.89631609910326
40.8704352176088,24.338890562236557
40.920460230115054,23.69241741132426
40.97048524262131,23.319798592951788
41.02051025512756,26.03771490144509
41.070535267633815,24.29838636668487
41.12056028014007,25.8669141401087
41.17058529264632,23.297657526061823
41.220610305152576,25.052470427410345
41.27063531765883,24.70277915110903
41.32066033016508,25.35611086070669
41.37068534267134,25.33462190097935
41.42071035517758,24.28612818093736
41.47073536768384,24.13227531088992
41.52076038019009,24.231091659477844
41.570785392696344,24.625930473242608
41.6208104052026,24.095727417401783
41.67083541770885,24.13156149440213
41.720860430215104,23.777851209444144
41.77088544272136,25.670332389959047
41.82091045522761,25.678787171882334
41.870935467733865,23.594121056388083
41.92096048024012,23.831245419905766
41.97098549274637,23.391660154104937
42.021010505252626,24.22881991081129
42.07103551775888,24.585798057247658
42.12106053026513,24.109877923871238
42.17108554277138,23.836052164904295
42.22111055527763,24.848167264695153
42.27113556778389,23.498457507847288
42.32116058029014,22.285348090676365
42.371185592796394,24.8121143405905
42.42121060530265,24.160569320616872
42.4712356178089,24.691638332452104
42.521260630315155,22.862785430495627
42.57128564282141,23.278647228574417
42.62131065532766,23.62981513063689
42.671335667833915,24.512396465914122
42.72136068034017,22.451005692531265
42.77138569284642,22.715302598943577
42.821410705352676,23.093499890272934
42.87143571785893,25.006664007499868
42.92146073036518,23.617543149074884
42.97148574287143,23.893038770762903
43.02151075537768,25.143868220799977
43.07153576788394,24.968276070359035
43.12156078039019,24.083826959751143
43.171585792896444,22.971859894440303
43.2216108054027,23.342642264830708
43.27163581790895,23.329786271484288
43.321660830415205,24.862584640556854
43.37168584292146,22.725288644118777
43.42171085542771,23.386493251119578
43.471735867933965,22.694721868222967
43.52176088044022,23.66341073187093
43.57178589294647,22.196784832587284
43.621810905452726,23.07571377150022
43.67183591795898,24.84235600615966
43.72186093046523,24.93169288136712
43.77188594297148,24.781830921837447
43.82191095547773,22.090585040043067
43.87193596798399,25.23240108746915
43.92196098049024,24.684359403895055
43.971985992996494,20.746677291002364
44.02201100550275,22.028272023649784
44.072036018009,22.428584087417494
44.122061030515255,23.357487105369636
44.17208604302151,23.653866701718723
44.22211105552776,24.01973102047595
44.272136068034015,23.848845517831442
44.32216108054027,22.31118193238868
44.37218609304652,22.189113870963
44.422211105552776,22.684471425609086
44.47223611805903,22.541479646239804
44.52226113056528,22.048878012831146
44.57228614307153,21.82918618211896
44.62231115557778,21.89521075265286
44.67233616808404,23.115711592733433
44.72236118059029,23.11096990403431
44.772386193096544,22.47611251407656
44.8224112056028,21.765695554873243
44.87243621810905,21.81847375751489
44.922461230615305,21.304786413471096
44.97248624312156,21.46158193153918
45.02251125562781,21.347852162010884
45.072536268134066,22.420094512106306
45.12256128064032,22.962827202559044
45.17258629314657,21.065541520543132
45.222611305652826,20.61235007687664
45.27263631815908,21.454816012607672
45.322661330665326,22.904746292024022
45.37268634317158,21.36151195372481
45.42271135567783,21.94969448273508
45.47273636818409,20.112058855597265
45.52276138069034,21.501323194276786
45.572786393196594,21.261378892228915
45.62281140570285,18.242847466990465
45.6728364182091,21.9421648159145
45.722861430715355,22.680270618301225
45.77288644322161,21.00703106964492
45.82291145572786,21.43342430565021
45.872936468234116,21.818946501749846
45.92296148074037,20.121852866111375
45.97298649324662,20.649724232290136
46.023011505752876,20.036493723582762
46.07303651825913,20.051752071610682
46.123061530765376,21.07873782795774
46.17308654327163,21.667928575902256
46.22311155577788,21.34672512931433
46.27313656828414,20.197933614659785
46.32316158079039,21.52195991503717
46.373186593296644,21.305758631749985
46.4232116058029,20.561576605619695
46.47323661830915,18.889138149714142
46.523261630815405,20.75572716354653
46.57328664332166,21.0270317202474
46.62331165582791,21.423949260317176
46.673336668334166,20.595033457362447
46.72336168084042,18.059276954953507
46.77338669334667,19.483703501425286
46.823411705852926,20.099076468922494
46.87343671835918,19.431798583181045
46.92346173086543,21.136268528848586
46.97348674337168,18.432333155019474
47.023511755877934,18.602891952184304
47.07353676838419,20.82373181691471
47.12356178089044,19.75566416831174
47.173586793396694,17.918267298156348
47.22361180590295,18.161671190324828
47.2736368184092,21.53714604936811
47.323661830915455,18.732010417621776
47.37368684342171,19.6797506048235
47.42371185592796,18.12822713579355
47.473736868434216,18.309675915261412
47.52376188094047,18.06155123352778
47.57378689344672,20.037814965603776
47.62381190595298,20.36207857461169
47.67383691845923,18.78704725163515
47.72386193096548,18.848710745119465
47.77388694347173,19.09944545142456
47.823911955977984,19.785858083719233
47.87393696848424,18.357192974630202
47.92396198099049,20.631531968020553
47.973986993496744,20.41589191295909
48.024012006003,18.078012199859966
48.07403701850925,18.966399667128766
48.124062031015505,18.247937111120454
48.17408704352176,19.05854649882379
48.22411205602801,18.496512249908182
48.274137068534266,20.46321525930366
48.32416208104052,19.081301992664603
48.37418709354677,19.536380828441906
48.42421210605303,17.850831054234447
48.47423711855927,18.715794401113143
48.52426213106553,20.145381613698863
48.57428714357178,16.795267115120414
48.624312156078034,19.41299617809764
48.67433716858429,17.43107396831584
48.72436218109054,17.402880089506002
48.774387193596795,17.866851435953876
48.82441220610305,19.717583438998627
48.8744372186093,17.969130812505608
48.924462231115555,20.272963021040436
48.97448724362181,17.035304488410958
49.02451225612806,17.786276615716258
49.074537268634316,17.19422809648508
49.12456228114057,17.913410682839462
49.17458729364682,19.202261591070513
49.22461230615308,16.821148185083825
49.27463731865932,17.657829881277742
49.32466233116558,18.129050754287046
49.37468734367183,16.79354823457324
49.424712356178084,18.320655653646266
49.47473736868434,17.160637490531744
49.52476238119059,19.2110587520271
49.574787393696845,18.9468512396533
49.6248124062031,18.33150513181874
49.67483741870935,15.630360763826236
49.724862431215605,18.93140751345816
49.77488744372186,17.41947911847943
49.82491245622811,17.104843454288332
49.874937468734366,16.043228534608673
49.92496248124062,15.692613481531659
49.97498749374687,15.770416125071984
50.02501250625313,16.788016343422534
50.07503751875937,16.173838544486976
50.12506253126563,18.66835981602075
50.17508754377188,14.43790273447343
50.225112556278134,18.592235909256896
50.27513756878439,15.681666664480765
50.32516258129064,17.925141216524764
50.375187593796895,14.2602517906895
50.42521260630315,17.179931580051957
50.4752376188094,17.234233170026034
50.525262631315655,17.677074955581922
50.57528764382191,18.18113065626596
50.62531265632816,17.601725951617187
50.675337668834416,17.975597361056696
50.72536268134067,15.182658360734665
50.77538769384692,18.727551790785746
50.82541270635318,17.957217613236633
50.87543771885942,16.697049175933646
50.92546273136568,17.564665127438328
50.97548774387193,16.632923083928965
51.025512756378184,17.939741624359314
51.07553776888444,14.21775663559503
51.12556278139069,15.870113212747158
51.175587793896945,16.238947133090658
51.2256128064032,18.312321837709494
51.27563781890945,14.442847517969497
51.325662831415706,17.2207835853291
51.37568784392196,15.900100374193508
51.42571285642821,14.503468823611195
51.475737868934466,17.241881458487686
51.52576288144072,17.124869404723828
51.57578789394697,16.756846501577257
51.62581290645322,16.789143969568855
51.67583791895947,14.810527834867624
51.72586293146573,17.72420592185511
51.77588794397198,16.141279907007355
51.825912956478234,17.076465123111916
51.87593796898449,16.219020851469573
51.92596298149074,15.968148195949032
51.975987993996995,16.72531209017981
52.02601300650325,14.48318145972161
52.0760380190095,14.673287630894372
52.126063031515756,15.280017831219187
52.17608804402201,16.946841068412535
52.22611305652826,16.5713604885895
52.276138069034516,15.167152980004602
52.32616308154077,16.29753857914267
52.37618809404702,15.327373717451824
52.42621310655327,15.979590021893816
52.47623811905952,15.288384393640074
52.52626313156578,15.862231038164232
52.57628814407203,15.551093907209824
52.626313156578284,15.730206530432024
52.67633816908454,14.351418468351987
52.72636318159079,15.79093240250009
52.776388194097045,15.436622047191518
52.8264132066033,15.678569573932105
52.87643821910955,14.114807388431881
52.926463231615806,16.091505380723948
52.97648824412206,15.47512254812501
53.02651325662831,15.787397574983915
53.076538269134566,13.729031079075192
53.12656328164082,15.924566355850917
53.176588294147074,15.563490403801174
53.22661330665332,14.679210635504626
53.276638319159574,15.805116704373752
53.32666333166583,17.455402542360787
53.37668834417208,13.385392330549719
53.426713356678334,14.62292234789147
53.47673836918459,12.948589567401571
53.52676338169084,16.300207130126523
53.576788394197095,14.614448847089577
53.62681340670335,15.506028706179691
53.6768384192096,12.680318815911729
53.726863431715856,16.911792271195218
53.77688844422211,15.473821263043689
53.82691345672836,13.94773491908885
53.87693846923462,14.86457354505881
53.92696348174087,14.254359921617725
53.976988494247124,13.058847129410104
54.02701350675337,15.141274068345565
54.077038519259624,14.255077726180161
54.12706353176588,14.730186021547395
54.17708854427213,15.36607993347831
54.227113556778384,13.757895012103525
54.27713856928464,14.318532601292107
54.32716358179089,14.870207755605394
54.377188594297145,15.487460712086822
54.4272136068034,16.15193520079876
54.47723861930965,16.028422691071125
54.527263631815906,15.264094412621452
54.57728864432216,14.763093755794644
54.62731365682841,15.299842887828708
54.67733866933467,15.234146475041499
54.72736368184092,14.980264085849845
54.77738869434717,14.881380320974575
54.82741370685342,16.809344062859783
54.877438719359674,14.465282551576914
54.92746373186593,14.722733661279102
54.97748874437218,13.691677134370156
55.027513756878434,14.90829249563582
55.07753876938469,16.379767697924862
55.12756378189094,15.94225115576955
55.177588794397195,13.421580123156758
55.22761380690345,13.465006368803683
55.2776388194097,15.691845621696046
55.327663831915956,13.80887873726325
55.37768884442221,15.50165825974885
55.42771385692846,14.571429968737798
55.47773886943472,13.916204249356996
55.52776388194097,15.496563480455563
55.57778889444722,14.053760458049762
55.62781390695347,15.034371740911741
55.677838919459724,13.869113740236097
55.72786393196598,15.003950785326332
55.77788894447223,17.183248191619803
55.827913956978485,15.113687146946932
55.87793896948474,15.077350441136494
55.92796398199099,14.11973961322697
55.977988994497245,14.685552296981863
56.0280140070035,14.768830169086188
56.07803901950975,16.36596617738969
56.128064032016006,14.653863175348716
56.17808904452226,13.629240443775728
56.22811405702851,14.88090237234788
56.27813906953477,15.296983348829665
56.32816408204102,15.063643782521728
56.37818909454727,14.314396164010477
56.42821410705352,16.76835609326892
56.478239119559774,16.118286807740372
56.52826413206603,16.132100657920564
56.57828914457228,15.266069072440102
56.628314157078535,13.088967110379318
56.67833916958479,15.574522530126053
56.72836418209104,14.88507196101089
56.778389194597295,16.009231270527778
56.82841420710355,15.86521174083835
56.8784392196098,14.063219092395869
56.928464232116056,15.238879204599685
56.97848924462231,15.380220318584072
57.02851425712856,14.77181476135421
57.07853926963482,13.784458834088458
57.12856428214107,15.475974612705672
57.17858929464732,13.266982085282418
57.22861430715357,15.091484253274556
57.278639319659824,15.637926642262412
57.32866433216608,14.161713687766175
57.37868934467233,13.57746596966812
57.428714357178585,16.14518305905569
57.47873936968484,15.746065238857495
57.52876438219109,14.764657330928326
57.578789394697345,15.473275376515328
57.6288144072036,15.898022496673505
57.67883941970985,14.468568628928022
57.728864432216106,15.255569808672426
57.77888944472236,15.582194151876989
57.82891445722861,15.04957925996545
57.87893946973487,17.26138148678517
57.92896448224111,15.977014866678347
57.97898949474737,15.11022869320497
58.02901450725362,17.1479058143368
58.079039519759874,16.44979322752105
58.12906453226613,17.56283327992186
58.17908954477238,16.38739312456764
58.229114557278635,16.439042844125716
58.27913956978489,16.96587918250384
58.32916458229114,16.249948607991268
58.379189594797396,15.843721794038318
58.42921460730365,17.066229242250717
58.4792396198099,15.450387111720017
58.529264632316156,14.348033938865889
58.57928964482241,15.52581426578558
58.62931465732866,18.2274157835196
58.67933966983492,13.791359397949758
58.72936468234116,15.9668898813046
58.77938969484742,17.109352504494005
58.82941470735367,18.099768067893397
58.879439719859924,15.863618069620586
58.92946473236618,17.735812190030146
58.97948974487243,15.256510029196718
59.029514757378685,14.35306491957415
59.07953976988494,18.000483110156196
59.12956478239119,16.300110768526746
59.179589794897446,17.04813701208821
59.2296148074037,15.341785025996902
59.27963981990995,15.931589019951907
59.329664832416206,15.553206904777477
59.37968984492246,16.176483551283972
59.42971485742871,15.509409012875704
59.47973986993497,17.590947863942098
59.529764882441214,15.528477790963374
59.57978989494747,17.921085088385016
59.62981490745372,17.54659917622075
59.679839919959974,16.73951139978347
59.72986493246623,18.03569584659006
59.77988994497248,16.64620957037274
59.829914957478735,17.174360725088032
59.87993996998499,16.166337475268985
59.92996498249124,17.69045036111255
59.979989994997496,17.991972282593576
60.03001500750375,17.47359054091976
60.08004002001,18.775617345012236
60.13006503251626,16.296659722854265
60.18009004502251,17.703291380513804
60.230115057528764,17.769416817765517
60.28014007003502,16.28256666888637
60.330165082541264,17.131686599070438
60.38019009504752,17.752644634034006
60.43021510755377,15.060353831244777
60.480240120060024,16.987948156685054
60.53026513256628,17.876238335367805
60.58029014507253,17.91546772517191
60.630315157578785,18.125605157145948
60.68034017008504,17.600293218848545
60.73036518259129,15.809050913435183
60.780390195097546,16.427311404451046
60.8304152076038,17.481201847378404
60.88044022011005,18.900264581118485
60.93046523261631,17.30655230792991
60.98049024512256,19.059196802897784
61.030515257628814,17.303707983776032
61.08054027013506,18.83204330606545
61.130565282641314,17.01189292978827
61.18059029514757,16.911279673070226
61.23061530765382,18.16633568897085
61.280640320160074,19.909279877057948
61.33066533266633,17.88388277148196
61.38069034517258,18.252021122167466
61.430715357678835,19.890830192267483
61.48074037018509,17.4865203404391
61.53076538269134,19.579358209471213
61.580790395197596,17.374725997846
61.63081540770385,18.957085546375062
61.6808404202101,18.538136374885354
61.73086543271636,18.83336248153638
61.78089044522261,17.739382592419915
61.830915457728864,18.556834783698022
61.88094047023511,18.92229346627369
61.930965482741364,20.785346841848188
61.98099049524762,19.416014683219608
62.03101550775387,19.07086704404767
62.081040520260125,19.90838417960758
62.13106553276638,19.64356934304629
62.18109054527263,20.111538921486947
62.231115557778885,19.72784887782773
62.28114057028514,19.273395858110746
62.33116558279139,19.506304061712473
62.381190595297646,18.413031711665717
62.4312156078039,19.4697323734116
62.48124062031015,19.94958939100528
62.53126563281641,18.033538786247245
62.58129064532266,19.53988719844454
62.631315657828914,18.777887921359973
62.68134067033516,20.30081477958443
62.731365682841414,20.780288089790357
62.78139069534767,20.385315838788326
62.83141570785392,20.354931076445528
62.881440720360175,20.027215382906014
62.93146573286643,20.86902760141547
62.98149074537268,18.095496987524594
63.031515757878935,20.0515032536207
63.08154077038519,20.530863708390036
63.13156578289144,20.06800923253405
63.181590795397696,20.089041596751404
63.23161580790395,20.932540294938722
63.2816408204102,21.962694576146255
63.33166583291646,18.62081197973312
63.38169084542271,19.979632906734338
63.431715857928964,21.39346098547131
63.48174087043521,19.38539351345459
63.531765882941464,19.727455215336775
63.58179089544772,23.395091927729595
63.63181590795397,19.988884356877044
63.681840920460225,19.702097909875924
63.73186593296648,18.896282718155735
63.78189094547273,21.624837864674223
63.831915957978985,19.84533770919141
63.88194097048524,22.343795845404287
63.93196598299149,20.389120821026182
63.981990995497746,20.122267348466938
64.03201600800399,23.088167257574593
64.08204102051025,23.346568698951252
64.1320660330165,21.500894174092934
64.18209104552275,23.51533225005448
64.232116058029,21.81994126125699
64.28214107053526,21.193328103052707
64.33216608304151,21.610672065012174
64.38219109554777,22.0990106916382
64.43221610805402,22.864780404001962
64.48224112056027,20.33287740853015
64.53226613306653,22.461190209991585
64.58229114557278,21.508274242923605
64.63231615807904,23.780271547245686
64.68234117058529,21.89380353007609
64.73236618309154,22.853020461093998
64.7823911955978,20.150530570912927
64.83241620810405,22.66085207434949
64.8824412206103,20.187626490275797
64.93246623311656,22.28061434960418
64.98249124562281,22.23455020503377
65.03251625812906,22.923995711200085
65.08254127063532,22.592572896087628
65.13256628314157,23.899120935919886
65.18259129564782,23.119444685440822
65.23261630815408,21.054850396134906
65.28264132066033,21.911637282503083
65.33266633316659,22.629927025908678
65.38269134567284,22.149682478093787
65.43271635817908,19.13579950798611
65.48274137068533,23.209258070266365
65.53276638319159,21.327309712410564
65.58279139569784,22.03467018686119
65.63281640820409,22.95858138308063
65.68284142071035,23.84491868221593
65.7328664332166,22.253001006708335
65.78289144572285,22.307252433393078
65.8329164582291,24.101191040979497
65.88294147073536,22.41864372903643
65.93296648324161,20.786276281390105
65.98299149574787,23.44951823336165
66.03301650825412,21.861552375380143
66.08304152076037,22.479141690537528
66.13306653326663,24.271155108981972
66.18309154577288,22.14709214449926
66.23311655827914,23.93396416667437
66.28314157078539,21.421400761547496
66.33316658329164,21.89756348762639
66.3831915957979,22.42952562723106
66.43321660830415,23.2813475448911
66.4832416208104,23.25168509809834
66.53326663331666,22.903133549544126
66.58329164582291,22.70001014099894
66.63331665832916,26.1043293517593
66.68334167083542,24.32493561871152
66.73336668334167,23.284092253396143
66.78339169584793,24.881125636502443
66.83341670835418,24.37654310335176
66.88344172086043,23.65697244187657
66.93346673336669,22.878276543174966
66.98349174587294,24.275429804917678
67.03351675837918,21.752934546843957
67.08354177088543,23.628300360066397
67.13356678339169,23.7839077867311
67.18359179589794,23.239300621619844
67.2336168084042,24.49393156713856
67.28364182091045,22.315157172230517
67.3336668334167,25.68197489253731
67.38369184592295,23.875699883794656
67.43371685842921,24.443427136392074
67.48374187093546,24.677290120302967
67.53376688344171,24.690677578832847
67.58379189594797,25.262496784481712
67.63381690845422,22.32259063535966
67.68384192096048,24.217045153166282
67.73386693346673,24.450046483863634
67.78389194597298,24.437828111564276
67.83391695847924,23.649079671576835
67.88394197098549,25.1169357201663
67.93396698349174,22.674801474264278
67.983991995998,23.804887069467558
68.03401700850425,23.134863596449016
68.0840420210105,24.185076608116397
68.13406703351676,24.425729797702296
68.18409204602301,25.211702603197075
68.23411705852926,25.35228589998826
68.28414207103552,23.922882526419638
68.33416708354177,24.693865878279833
68.38419209604803,24.097634042640017
68.43421710855428,24.306531980244177
68.48424212106053,25.395298679687652
68.53426713356679,27.333596596415667
68.58429214607303,25.29991728538055
68.63431715857928,26.64531940065364
68.68434217108553,24.100124592846623
68.73436718359179,23.116228800992197
68.78439219609804,24.796520604091548
68.8344172086043,25.56486964920726
68.88444222111055,24.68801669936743
68.9344672336168,24.035192715226938
68.98449224612305,24.76238179091129
69.03451725862931,25.636472941720708
69.08454227113556,24.103216993781636
69.13456728364181,25.72160853448517
69.18459229614807,22.910461288496055
69.23461730865432,23.80002119868794
69.28464232116058,25.653706001583235
69.33466733366683,25.97246370638142
69.38469234617308,24.968396088720358
69.43471735867934,24.333541735933252
69.48474237118559,26.25005069816738
69.53476738369184,26.15663752944586
69.5847923961981,24.274401918558556
69.63481740870435,23.447074112156884
69.6848424212106,24.76741420257435
69.73486743371686,24.63051839729062
69.78489244622311,22.879687231443338
69.83491745872936,25.434775479110886
69.88494247123562,24.986134954760185
69.93496748374187,24.36291327628953
69.98499249624813,24.20358034722061
70.03501750875438,25.914500664131435
70.08504252126063,24.88892900483969
70.13506753376689,25.469995337231655
70.18509254627313,24.159779088196952
70.23511755877938,25.973164294838153
70.28514257128563,24.806042156057888
70.33516758379189,24.21767954338964
70.38519259629814,24.54903728275132
70.4352176088044,23.91117091004742
70.48524262131065,24.251340994569706
70.5352676338169,23.062474122976038
70.58529264632315,23.911567702106776
70.63531765882941,26.443202090739536
70.68534267133566,25.517104197682997
70.73536768384191,25.092887908350924
70.78539269634817,24.776436752140363
70.83541770885442,25.606284102850655
70.88544272136068,25.910102466932877
70.93546773386693,27.018727890707336
70.98549274637318,24.976195657754364
71.03551775887944,24.234401393147248
71.08554277138569,25.388405520946982
71.13556778389194,25.06628855266068
71.1855927963982,23.78490214716271
71.23561780890445,25.00225790104885
71.2856428214107,25.307234486889342
71.33566783391696,24.178499061072653
71.38569284642321,26.40453456344697
71.43571785892946,24.783894977458214
71.48574287143572,25.503163000717535
71.53576788394197,23.324720991211912
71.58579289644823,25.00792216032692
71.63581790895448,23.6602648733805
71.68584292146073,24.49431732934364
71.73586793396697,24.947709333532337
71.78589294647323,22.886327291075744
71.83591795897948,25.18239208770293
71.88594297148573,23.553396099816908
71.93596798399199,25.734468559547935
71.98599299649824,24.33158316239689
72.0360180090045,23.19173128320404
72.08604302151075,24.65178727990447
72.136068034017,26.843582367250775
72.18609304652325,25.527451736309683
72.23611805902951,25.48972580700966
72.28614307153576,26.42681284921392
72.33616808404201,24.678047369953056
72.38619309654827,22.95951135798067
72.43621810905452,23.771376113265873
72.48624312156078,23.53912938386986
72.53626813406703,26.445995651134318
72.58629314657328,24.57697514949148
72.63631815907954,23.88844331792742
72.68634317158579,21.733650821614535
72.73636818409204,23.631243288271737
72.7863931965983,26.088288973114725
72.83641820910455,25.293044682278378
72.8864432216108,25.503248064692194
72.93646823411706,25.17849173699004
72.98649324662331,22.00869140174838
73.03651825912956,23.556025351687094
73.08654327163582,23.098766564757362
73.13656828414207,24.46785953176825
73.18659329664833,24.155403275651203
73.23661830915458,24.009033230999613
73.28664332166083,24.40479759331925
73.33666833416707,24.22750721946377
73.38669334667333,23.55862622972936
73.43671835917958,24.833822172398516
73.48674337168583,25.585802671129436
73.53676838419209,24.77761089345841
73.58679339669834,24.7526984069163
73.6368184092046,25.903094747990185
73.68684342171085,23.168103344052607
73.7368684342171,24.51034809617887
73.78689344672335,23.939308645428863
73.83691845922961,23.47535085513071
73.88694347173586,22.550235070867842
73.93696848424212,22.90826361106916
73.98699349674837,23.06507107355773
74.03701850925462,25.245250592086293
74.08704352176088,25.80416936732898
74.13706853426713,22.833526891198105
74.18709354677338,24.958589319990967
74.23711855927964,23.594287997459844
74.28714357178589,24.736853675942765
74.33716858429214,24.637190015937627
74.3871935967984,22.642288716098033
74.43721860930465,25.22608915315638
74.4872436218109,23.409139628405857
74.53726863431716,22.24508622403223
74.58729364682341,23.55193112595067
74.63731865932967,23.44852488933875
74.68734367183592,24.59387717172666
74.73736868434217,23.67730957263005
74.78739369684843,22.868556386391177
74.83741870935468,23.637472757110707
74.88744372186092,23.19135403227494
74.93746873436717,23.915830473532964
74.98749374687343,22.17849222387796
75.03751875937968,23.99797708939956
75.08754377188593,23.419558098430613
75.13756878439219,23.35177052126442
75.18759379689844,23.41991171288049
75.2376188094047,22.99405792200502
75.28764382191095,23.07836907616604
75.3376688344172,24.834696920781347
75.38769384692345,24.148572202700716
75.43771885942971,22.838328347735054
75.48774387193596,22.644234203857962
75.53776888444222,23.452564164108317
75.58779389694847,23.417561120714005
75.63781890945472,21.577322168151824
75.68784392196098,22.763915144890074
75.73786893446723,23.534822290062753
75.78789394697348,23.436115785189195
75.83791895947974,22.62062055774775
75.88794397198599,21.791366562009898
75.93796898449224,23.265165096075883
75.9879939969985,22.971797043152065
76.03801900950475,23.099602108820466
76.088044022011,23.509580132275385
76.13806903451726,20.33348950702166
76.18809404702351,22.32786920676099
76.23811905952977,21.228216210594425
76.28814407203602,21.00365356044953
76.33816908454227,22.286595449007933
76.38819409704853,23.70464114507534
76.43821910955478,23.618277859721253
76.48824412206102,24.71168447776346
76.53826913456727,21.88663078816716
76.58829414707353,22.0308853899631
76.63831915957978,22.567490978122404
76.68834417208603,22.25872063666182
76.73836918459229,22.374695324490713
76.78839419709854,20.00387927751479
76.8384192096048,19.82156661293533
76.88844422211105,18.749385425937557
76.9384692346173,22.673168548162277
76.98849424712355,21.08485993700464
77.03851925962981,21.336997169487873
77.08854427213606,21.353902564519117
77.13856928464232,23.5743225099016
77.18859429714857,23.099637918393658
77.23861930965482,19.64754038071892
77.28864432216108,21.994105157547338
77.33866933466733,21.409827131194728
77.38869434717358,21.91912693333868
77.43871935967984,21.10235002588982
77.48874437218609,19.080968890487505
77.53876938469234,20.044609465058386
77.5887943971986,19.937253074237386
77.63881940970485,21.80865390504296
77.6888444222111,21.320762183897134
77.73886943471736,20.084843098492343
77.78889444722361,20.33646256011092
77.83891945972987,19.88669456049768
77.88894447223612,18.771133879194515
77.93896948474237,21.300686451198256
77.98899449724863,19.777032224202095
78.03901950975487,19.486062791488557
78.08904452226112,18.987519493651323
78.13906953476737,19.63968954335828
78.18909454727363,20.288310595773133
78.23911955977988,20.70225201537171
78.28914457228613,19.98689114488222
78.33916958479239,20.96963774705795
78.38919459729864,18.168129873154726
78.4392196098049,21.350445955458547
78.48924462231115,20.05702310003036
78.5392696348174,22.000339928196855
78.58929464732365,20.560007232419093
78.63931965982991,19.73723014983656
78.68934467233616,19.226740878638545
78.73936968484242,19.516788318232468
78.78939469734867,19.810720034177827
78.83941970985492,21.471073545609393
78.88944472236118,20.570659479774303
78.93946973486743,20.914393070490338
78.98949474737368,19.025666476113773
79.03951975987994,17.61255791266703
79.08954477238619,19.503308988433922
79.13956978489244,19.688600328511388
79.1895947973987,17.770559400519904
79.23961980990495,20.45941538563397
79.2896448224112,18.017643979599274
79.33966983491746,19.04050010162563
79.38969484742371,18.132596304939337
79.43971985992997,17.5053540022271
79.48974487243622,19.218616834385248
79.53976988494247,18.799408742921702
79.58979489744873,17.824723690684404
79.63981990995497,21.70389384001585
79.68984492246122,20.210848301345347
79.73986993496747,17.104696990185673
79.78989494747373,18.29109497135381
79.83991995997998,19.32119078213973
79.88994497248623,18.642270242610916
79.93996998499249,19.190710346096406
79.98999499749874,20.96970617625851
80.040020010005,18.071350043068385
80.09004502251125,18.058646372195202
80.1400700350175,19.664600836751912
80.19009504752376,17.768940502853727
80.24012006003001,17.73088283172247
80.29014507253626,17.251321895601354
80.34017008504252,16.982144683926954
80.39019509754877,18.98251063505664
80.44022011005502,19.02018053888202
80.49024512256128,17.376406375493193
80.54027013506753,16.99483003130067
80.59029514757378,18.697825588931728
80.64032016008004,18.896368886898717
80.69034517258629,19.463683336615674
80.74037018509254,16.208816369362022
80.7903951975988,17.83108677212215
80.84042021010505,17.196430629631436
80.8904452226113,16.471266301444434
80.94047023511756,19.31594867687772
80.99049524762381,16.52568921486256
81.04052026013007,18.336353260326586
81.09054527263632,17.93325348326099
81.14057028514257,15.944598927217488
81.19059529764881,17.883393211566204
81.24062031015507,18.63491308402098
81.29064532266132,16.90444626720504
81.34067033516757,17.17064966824913
81.39069534767383,18.06371462433252
81.44072036018008,18.012873156596402
81.49074537268633,17.511082225065653
81.54077038519259,15.201263600797068
81.59079539769884,17.465601159234357
81.6408204102051,16.210480885765776
81.69084542271135,16.810028543636186
81.7408704352176,16.111034235821123
81.79089544772386,16.912160656705023
81.84092046023011,16.585729287664922
81.89094547273636,16.657831694574647
81.94097048524262,17.605683763211424
81.99099549774887,17.910926365240037
82.04102051025512,15.582359645149022
82.09104552276138,15.421211918272908
82.14107053526763,15.479998476072579
82.19109554777388,17.99520511648341
82.24112056028014,16.21779330111658
82.29114557278639,14.110165064967429
82.34117058529264,16.383420814589194
82.3911955977989,15.868220141004157
82.44122061030515,16.147718161453984
82.4912456228114,16.31875291399941
82.54127063531766,16.776665433778778
82.59129564782391,15.571436035695168
82.64132066033017,17.573444366489113
82.69134567283642,16.148755027430752
82.74137068534267,15.746809735407133
82.79139569784891,18.362923716532958
82.84142071035517,17.378148370682638
82.89144572286142,16.303616897975253
82.94147073536767,17.046173169625384
82.99149574787393,17.087009903374597
83.04152076038018,17.135850944719003
83.09154577288643,15.53311739955813
83.14157078539269,14.966872652294787
83.19159579789894,17.91893251740768
83.2416208104052,16.031028373785638
83.29164582291145,14.064801208316059
83.3416708354177,16.364983013572715
83.39169584792396,14.685670510127776
83.44172086043021,16.767013030902966
83.49174587293646,15.487343747005282
83.54177088544272,13.939830784931981
83.59179589794897,14.469822126895277
83.64182091045522,15.843784244403986
83.69184592296148,15.705945996075622
83.74187093546773,16.55285011358152
83.79189594797398,14.868109687612895
83.84192096048024,15.185032351845493
83.89194597298649,15.167172959556538
83.94197098549274,14.887971700836856
83.991995997999,15.621081362356788
84.04202101050525,15.24406124514381
84.0920460230115,15.337338098147027
84.14207103551776,16.194760393836212
84.19209604802401,18.09187001271202
84.24212106053027,15.876497955888018
84.29214607303652,14.212472409829811
84.34217108554276,15.385875658275886
84.39219609804901,13.619430248195746
84.44222111055527,15.254636439401768
84.49224612306152,14.514557932444704
84.54227113556777,14.06100737638566
84.59229614807403,16.796208360702796
84.64232116058028,15.316696160301186
84.69234617308653,14.447272939041085
84.74237118559279,15.405063980168542
84.79239619809904,16.26969440743506
84.8424212106053,15.312366730579985
84.89244622311155,16.007101647772345
84.9424712356178,15.502590761275318
84.99249624812406,14.835647347514664
85.04252126063031,15.856126426261312
85.09254627313656,16.05797256836726
85.14257128564282,17.203873084670256
85.19259629814907,14.513922049914502
85.24262131065532,14.03496319626412
85.29264632316158,14.73736068843248
85.34267133566783,16.989887440467104
85.39269634817408,15.249248091343539
85.44272136068034,15.831622894578766
85.49274637318659,16.28761753952747
85.54277138569284,14.143727538329905
85.5927963981991,16.080839138825038
85.64282141070535,17.095314211353326
85.6928464232116,15.085125253854645
85.74287143571786,15.513219943415788
85.79289644822411,13.249224620242659
85.84292146073037,15.879256571422342
85.89294647323662,15.294964077445432
85.94297148574286,14.910781252745648
85.99299649824911,16.045865259014164
86.04302151075537,14.71746953263665
86.09304652326162,15.728575230432524
86.14307153576787,15.21137528818963
86.19309654827413,16.620810179202525
86.24312156078038,16.302301550566394
86.29314657328663,14.061044372558097
86.34317158579289,14.630429752761353
86.39319659829914,14.232149243627312
86.4432216108054,15.874937422037439
86.49324662331165,17.13001035388975
86.5432716358179,14.109915062693815
86.59329664832416,14.844652170720588
86.64332166083041,14.71133739897887
86.69334667333666,15.136935174375884
86.74337168584292,14.055231812180308
86.79339669834917,15.820963034607155
86.84342171085542,15.52902952829309
86.89344672336168,14.059626519554289
86.94347173586793,15.7854127521184
86.99349674837418,15.01538535598298
87.04352176088044,15.865027712304563
87.09354677338669,14.962160458822847
87.14357178589295,14.999823674989868
87.1935967983992,16.390188710915893
87.24362181090545,14.145731863027677
87.2936468234117,15.135750872473642
87.34367183591796,14.405478780478512
87.39369684842421,14.915021674009989
87.44372186093047,15.634550127735604
87.4937468734367,15.237240012435121
87.54377188594296,16.045439554631166
87.59379689844921,13.904781226627403
87.64382191095547,15.185375160183064
87.69384692346172,14.90013084314224
87.74387193596797,15.164876765698706
87.79389694847423,15.493663028204912
87.84392196098048,14.987413578829479
87.89394697348673,15.634185136354773
87.94397198599299,16.151364087145865
87.99399699849924,15.551036427823325
88.0440220110055,14.97430897544979
88.09404702351175,14.266808021594024
88.144072036018,14.562217532918925
88.19409704852426,14.721901969544096
88.24412206103051,15.961504177372717
88.29414707353676,14.491943184252445
88.34417208604302,14.54739903156304
88.39419709854927,15.917113537176007
88.44422211105552,15.273218980658102
88.49424712356178,16.115016322321956
88.54427213606803,14.977628215559983
88.59429714857428,15.905114497017008
88.64432216108054,15.908736024075122
88.69434717358679,13.698249471660693
88.74437218609305,16.401131055262674
88.7943971985993,15.894667443722533
88.84442221110555,15.893331117823031
88.8944472236118,15.94896994019065
88.94447223611806,13.852833049356049
88.99449724862431,16.150370919958632
89.04452226113057,16.27953801763094
89.0945472736368,15.520703430941586
89.14457228614306,15.902104020344204
89.19459729864931,14.952251733412465
89.24462231115557,15.919913424780235
89.29464732366182,15.493051538701389
89.34467233616807,17.49179382348317
89.39469734867433,15.436580222070562
89.44472236118058,15.89031093821119
89.49474737368683,17.486793887183968
89.54477238619309,15.715709672582888
89.59479739869934,16.171435571319645
89.6448224112056,17.114374205791368
89.69484742371185,15.8810514487222
89.7448724362181,16.280875287961873
89.79489744872436,15.88903699624586
89.84492246123061,15.962700646347725
89.89494747373686,16.04919748459945
89.94497248624312,15.219422021318277
89.99499749874937,17.76129630042077
90.04502251125562,17.342345186601708
90.09504752376188,17.421751840072716
90.14507253626813,16.108950399513144
90.19509754877438,14.056482337354417
90.24512256128064,16.85126288416398
90.29514757378689,17.00007257663693
90.34517258629315,16.861296311898315
90.3951975987994,16.16714113214585
90.44522261130565,15.446408739566015
90.4952476238119,16.78529894708177
90.54527263631816,17.55874566488229
90.59529764882441,14.906242975019795
90.64532266133065,16.020954707541268
90.6953476738369,15.75839572049725
90.74537268634316,14.990285682812775
90.79539769884941,16.445300949267104
90.84542271135567,16.091239000418327
90.89544772386192,17.582795568187397
90.94547273636817,17.009528568008044
90.99549774887443,16.32923227956756
91.04552276138068,17.88916961901089
91.09554777388693,16.93247502113384
91.14557278639319,16.442317151521213
91.19559779889944,16.739445957621854
91.2456228114057,15.962052605280522
91.29564782391195,18.04945637379869
91.3456728364182,18.726078662651894
91.39569784892446,16.235295570270633
91.44572286143071,18.892102428399845
91.49574787393696,17.192730468789076
91.54577288644322,17.189921299316186
91.59579789894947,17.00786142881495
91.64582291145572,17.65301285191214
91.69584792396198,19.25614922934669
91.74587293646823,17.175079879957355
91.79589794897448,16.853004122132404
91.84592296148074,18.271533013827824
91.89594797398699,16.018443594608158
91.94597298649325,17.37116178119728
91.9959979989995,15.833488250689443
92.04602301150575,18.13553219906781
92.096048024012,16.750630779823204
92.14607303651826,16.523521902537333
92.19609804902451,15.906600068252512
92.24612306153075,15.793447687102196
92.296148074037,17.9616286997887
92.34617308654326,18.23272678406013
92.39619809904951,18.340299163191293
92.44622311155577,17.8325498236619
92.49624812406202,16.45891328785366
92.54627313656827,17.89433222141326
92.59629814907453,18.671277190432452
92.64632316158078,18.23270192112953
92.69634817408703,18.71605618936291
92.74637318659329,17.787061677712128
92.79639819909954,19.64759667997142
92.8464232116058,17.308445537268796
92.89644822411205,17.652777027732686
92.9464732366183,18.74484124356697
92.99649824912456,17.55176268041654
93.04652326163081,19.607269617489308
93.09654827413706,18.07655011936879
93.14657328664332,18.063638430243657
93.19659829914957,18.956004488333242
93.24662331165582,18.897773640688726
93.29664832416208,19.044409671106337
93.34667333666833,20.117031817564985
93.39669834917459,19.519151468088317
93.44672336168084,18.79589620382065
93.49674837418709,18.76350489596734
93.54677338669335,20.25080234429809
93.5967983991996,18.866697849401522
93.64682341170585,20.93226148218195
93.6968484242121,18.851427124208374
93.74687343671836,18.31373745464632
93.7968984492246,21.507080350806795
93.84692346173085,17.12059835722948
93.8969484742371,18.993949656807633
93.94697348674336,20.466959163290493
93.99699849924961,20.941110351600816
94.04702351175587,19.05197200575579
94.09704852426212,19.510757243271758
94.14707353676837,19.727057987504597
94.19709854927463,20.10164088646044
94.24712356178088,19.5040072706219
94.29714857428714,19.567250914743468
94.34717358679339,20.15465600715402
94.39719859929964,20.927810397489505
94.4472236118059,19.190852643365055
94.49724862431215,19.64199767968877
94.5472736368184,18.92991112911952
94.59729864932466,20.46625538160901
94.64732366183091,20.97095280002731
94.69734867433716,19.922219657815774
94.74737368684342,21.74786464355833
94.79739869934967,20.07532272056174
94.84742371185592,21.46922210604007
94.89744872436218,21.102052237884376
94.94747373686843,21.780957250521553
94.99749874937469,22.130263131482515
95.04752376188094,20.375874592834315
95.09754877438719,19.407811613753967
95.14757378689345,20.407170965571172
95.1975987993997,19.79052346647317
95.24762381190595,21.95454876543025
95.2976488244122,20.90266657083264
95.34767383691846,19.96161925305484
95.3976988494247,20.604203205509577
95.44772386193095,21.29344197018157
95.4977488744372,21.84074512559657
95.54777388694346,19.3916206419234
95.59779889944971,19.723989448294052
95.64782391195597,20.758193849763934
95.69784892446222,21.549669522426726
95.74787393696847,21.891600005849547
95.79789894947473,20.29774066380626
95.84792396198098,21.235055186658784
95.89794897448724,21.435714827704192
95.94797398699349,20.920651700388277
95.99799899949974,20.810313479495218
96.048024012006,21.890285577420705
96.09804902451225,21.73296468882655
96.1480740370185,20.75839641443659
96.19809904952476,22.734127367077253
96.24812406203101,21.352474654577613
96.29814907453726,22.291173495688923
96.34817408704352,23.061038576515024
96.39819909954977,21.775541262332766
96.44822411205602,22.155571345061944
96.49824912456228,20.848386068751932
96.54827413706853,22.114918974778437
96.59829914957479,21.596315842861138
96.64832416208104,22.83488574207849
96.69834917458729,21.791688971422452
96.74837418709355,21.734793815168803
96.7983991995998,21.825679462835847
96.84842421210605,21.56243642030764
96.8984492246123,21.859275177669343
96.94847423711855,23.37905191119184
96.9984992496248,22.145688301839318
97.04852426213105,22.55984242156193
97.0985492746373,21.22900954763063
97.14857428714356,21.661079249767806
97.19859929964981,22.657193994729763
97.24862431215607,23.805101024569502
97.29864932466232,22.46963789232366
97.34867433716857,23.111287858092258
97.39869934967483,22.347084283135416
97.44872436218108,22.926138417379995
97.49874937468734,23.953521562811723
97.54877438719359,22.954707256508165
97.59879939969984,22.248510376917768
97.6488244122061,21.467636307457763
97.69884942471235,24.57714697235101
97.7488744372186,23.45828617898189
97.79889944972486,21.755705642745486
97.84892446223111,22.45147231006014
97.89894947473736,23.139687878494165
97.94897448724362,24.633528011573294
97.99899949974987,23.428521576656323
98.04902451225612,24.685612232892876
98.09904952476238,24.46563052981223
98.14907453726863,23.270601789395442
98.19909954977489,23.334894525754024
98.24912456228114,24.657998390192613
98.29914957478739,24.854458544103007
98.34917458729365,24.259993965829747
98.3991995997999,23.47958730882674
98.44922461230615,22.259195055148968
98.4992496248124,22.957633977239873
98.54927463731865,25.410946261734093
98.5992996498249,23.924393581253454
98.64932466233115,25.23153708298259
98.6993496748374,22.90418425874767
98.74937468734366,24.61502871323547
98.79939969984991,23.187059372834547
98.84942471235617,22.79016284540831
98.89944972486242,23.675775874317324
98.94947473736867,25.20276392634425
98.99949974987493,22.911681983938696
99.04952476238118,23.97911180023719
99.09954977488744,23.458633857520947
99.14957478739369,25.0418784132327
99.19959979989994,24.023202108715243
99.2496248124062,24.887103091848598
99.29964982491245,24.824874481453758
99.3496748374187,23.175977881580607
99.39969984992496,22.02920809497592
99.44972486243121,25.51126145721401
99.49974987493746,27.168477184680782
99.54977488744372,22.574895009005616
99.59979989994997,24.432572120685904
99.64982491245622,24.67407296620406
99.69984992496248,24.87919365214757
99.74987493746873,22.268742591980015
99.79989994997499,24.854062829581196
99.84992496248124,25.156670903472833
99.89994997498749,23.917924822143444
99.94997498749375,24.71308643785416
100.0,24.621816471131755
